{"cameraMode":{"drawMode":0,"name":"Shaded","section":"Shading Mode"},"sceneLighting":true,"audioPlay":false,"sceneViewState":{"m_AlwaysRefresh":false,"showFog":true,"showSkybox":true,"showFlares":true,"showImageEffects":true,"showParticleSystems":true,"showVisualEffectGraphs":true,"m_FxEnabled":false},"in2DMode":false,"pivot":{"x":1.610278606414795,"y":0.260451078414917,"z":6.688171863555908},"rotation":{"x":-0.1952372044324875,"y":-0.0014823785750195385,"z":0.00030458663241006434,"w":-0.9807524681091309},"size":4.374183177947998,"orthographic":false}